,title,date,tags,summary
0, Whale Hunter's Payday,"Wednesday, August 21, 2024","REKT,Phishing","When phishing for whales, sometimes you land a big one. A crypto whale found themselves $55.47 million lighter after falling victim to a sophisticated phishing attack targeting their Maker vault."
1, Hedging Bets,"Monday, August 12, 2024","Polymarket,Uma Protocol,Betting Markets","Amid a pivotal Venezuelan election, Polymarket bets sparked debate on prediction markets' role and potential impact in politics. When does a prediction market cease to reflect reality and start to shape it?"
2, Ronin Network - Rekt II,"Wednesday, August 7, 2024","Ronin,REKT","The Ronin Network bridge was exploited for roughly $12 million, due to a critical oversight in a contract upgrade. For the Axie Infinity community and Ronin Network users, the words ""bridge exploit"" likely trigger PTSD."
3, Astroport - Rekt,"Wednesday, July 31, 2024","Astroport,Rekt","A DEX on the Terra network, @astroport_fi, fell victim to a hack resulting in losses of roughly $6.4 million. The attack exploited a vulnerability that was known and patched in April, only to be accidentally reintroduced in a June upgrade."
4, Thanks Squarespace,"Wednesday, July 31, 2024","Squarespace,Rekt","Squarespace's security lapse led to widespread crypto domain hijackings, exposing Web3 vulnerabilities tied to Web2 infrastructure. The incident highlights the crypto industry's security challenges & reliance on centralized systems it aims to replace."
5, The Humpy Dance,"Tuesday, July 30, 2024","governance,compound finance","A whale’s raid on Compound Finance. On July 28th, Compound Finance found itself in the crosshairs of a daring governance proposal, with critics crying foul play. Playing a high-stakes game of DeFi chess and this is not Humpy’s first dance and it won’t be his last."
6, The Creeping Line,"Thursday, July 25, 2024","AI,deepfake","Journey into the gripping world of The Creeping Line, where the relentless pursuit of AI advancement erodes the line between human & machine. When identities and experiences become commodities in a digital bazaar of fabricated realities, is this the price of progress?"
7, ETHTrustFund - Rekt,"Monday, July 22, 2024","ETHTrustFund,REKT","Another day, another rug pull. This time on Coinbase's pet project Base Network. ETHTrustFund rug pulls on Base, leading to $2.1 million in investor losses."
8, Rho Market - Rekt,"Friday, July 19, 2024","Rho Market,REKT,Dedaub","An oracle's misconfiguration turns into a $7.5 million windfall for an alert MEV bot. What began as a simple misstep in Rho Market's oracle configuration turned into a payday for an opportunistic MEV bot on July 19th, as it swiftly seized upon the opening within the protocol built on Scroll."
9, WazirX - Rekt,"Thursday, July 18, 2024","WazirX Protocol,REKT","India's leading crypto exchange, WazirX took a massive $235 million hit when it's Safe multisig wallet crumbled under a devastating breach. How many times do we need to be reminded of not your keys, not your crypto?"
10, LiFi/Jumper - Rekt,"Tuesday, July 16, 2024","LiFi Protocol,Jumper Exchange,REKT",Infinite approvals... the ultimate leap of faith strikes again. LiFi protocol lost $9.73M to an attack draining addresses that had previously approved infinite permissions to the protocol's contracts across multiple chains.
11, Take the Money and Run,"Saturday, July 13, 2024","Scams,Ponzi","In the glittering world of crypto, MetaMax promised the moon. But as the dust settled, all that remained was a crater of empty wallets. This isn't just another rug pull. It's a symphony of deception, conducted by alleged AI-generated executives and scored with Hollywood polish."
12, Crypto's Achilles' Heel,"Thursday, July 11, 2024","Scams,Phishing","In the realm of crypto, where digital fortresses guard virtual fortunes, the most dangerous threat isn't always a line of faulty code, it's the person behind the keyboard."
13, Bittensor - Rekt,"Wednesday, July 3, 2024","Bittensor,Rekt","On July 2, Bittensor's blockchain enlightenment was rudely interrupted by a $8 million hack, due to a compromised PyPi Package Manager. As validators meditated on their nodes, an attacker silently drained their wallets faster than you can say ""om."""
14, From White Hat to Gray Area,"Saturday, June 29, 2024","Certik,Audits","Crypto security firm CertiK has been stirring up a hornet's nest lately. The dust hasn’t even settled around the controversy surrounding the recent Kraken exploit and already new allegations are swirling. From accusations of front-running bug bounties to performing superficial audits, CertiK's reputation is being put under the microscope by security researchers."
15, Vulture Culture,"Friday, June 21, 2024","Scams,Defi","Crypto is a minefield, where triumph and disaster teeter precariously on a razor's edge. It appears that the allure of celebrity-minted meme coins has us ensnared in a never-ending loop of déjà vu. History continues to repeat itself like a sad, tired sitcom rerun."
16, Certik/Kraken - Rekt,"Thursday, June 20, 2024","Certik,Kraken,REKT",Kraken accuses security researchers of extortion after $3M bug bounty exploit. Certik's disclosure of a critical vulnerability in Kraken's systems has escalated into accusations of extortion and threats between the parties
17, Pharma Bro's Trump Card,"Thursday, June 20, 2024","Trump,Scams,Shkreli","The crypto world has been sent into a frenzy over the controversial DJT token, a Solana-based meme coin rumored to be linked to former President Donald Trump and his family. At the center of this storm is Martin Shkreli, the infamous ""Pharma Bro"" known for his previous legal troubles and brash persona."
18, Uwulend - Rekt,"Monday, June 10, 2024","Uwulend,REKT","The velo in Velocore proved too fast and furious, as the L2 DEX lost over $6.8 million in a devastating exploit on June 2nd across its pools on Linea and zkSync."
19, Velocore - Rekt,"Monday, June 3, 2024","Velocore,REKT","The velo in Velocore proved too fast and furious, as the L2 DEX lost over $6.8 million in a devastating exploit on June 2nd across its pools on Linea and zkSync."
20, DMM Bitcoin - Rekt,"Friday, May 31, 2024","DMM Bitcoin,REKT","Centralized Japanese crypto exchange DMM Bitcoin exploited for more than $304 million in Bitcoin. What could go down as one of the biggest heists in our industry, became another prime example of not your keys, not your crypto."
21, Meme Mania,"Wednesday, May 29, 2024","defi,shitcoin","Fueled by unquenchable greed and feverish FOMO, degens are being lured into crypto's volatile wild west of meme coins, where mind-boggling gains and soul-crushing losses are always just one trade away."
22, Gala Games - Rekt,"Tuesday, May 21, 2024","Gala Games,REKT","Possible hacker seized control of an admin address to mint a whopping 5 billion GALA tokens worth $216 million, rapidly offloading 592 million tokens for $21.8 million in ETH before Gala Games could blacklist the rogue address."
23, AlexLab - Rekt,"Friday, May 17, 2024","AlexLab,REKT","AlexLab, the self-proclaimed finance layer on Bitcoin, had a few layers stripped, as a compromised private key led to a $4.3 million exploit on AlexLab’s XLink bridge on the BNB network."
24, Sonne Finance - Rekt,"Thursday, May 16, 2024","Sonne Finance,REKT","The alarm has been rung on Sonne Finance, as a $20 million flash loan attack reverberates across the crypto sphere, chiming a somber melody that warns of the perils lurking in the DeFi shadows."
25, Crypto Under Siege,"Wednesday, May 15, 2024","SEC,Regulation","The recent assault on crypto has some fighting back, but some are running scared too. As the crypto market expands, U.S. agencies like the SEC, DOJ, and Treasury are cracking down on the industry with a regulations blitz, setting their sights on major crypto players."
26, Gamestonk II - Dumb Money is Back,"Tuesday, May 14, 2024","wall st,Rekt","GameStop meme frenzy went supernova once again, leaving a $1 billion trail of crater-faced short sellers in its wake."
27, Pike Finance - Rekt,"Friday, May 3, 2024","Pike Finance,REKT","Pike Finance swims in turbulent waters, storage vulnerability nets hackers over $1.9 million in multiple attacks."
28, Growing Pains,"Wednesday, May 1, 2024","Solana,defi",Solana's relentless pursuit of speed and scalability has transformed the blockchain landscape. But at what cost?
29, ZKasino - Rekt,"Monday, April 22, 2024","ZKasino,REKT,Rugpull","The house always wins and ZKasino hit the jackpot, making off with a $33 million rug over the weekend."
30, Hedgey Finance - Rekt,"Friday, April 19, 2024","Hedgey Finance,REKT",Not a good strategy to hedge your bets. Hedgey Finance rocked by $44.7 million flash loan attack across both the Arbitrum and Ethereum platforms.
31, A Stable Future,"Wednesday, April 17, 2024","stable future,defi","What would the world look like if stablecoins were the norm, and blockchain technology was woven into our daily lives?"
32, Grand Base - REKT,"Monday, April 15, 2024","Grand Base,REKT",Thieves in the night take advantage of Open House as RWA protocol on Base leaves the front door unlocked. Grand Base slammed in $2m exploit due to a deployer wallet private key leak.
33, PrismaFi - REKT,"Thursday, March 28, 2024","PrismaFi,REKT","PrismaFi fell victim to a flash loan attack, resulting in a loss of 3258 wstETH tokens, valued at approximately $11.6 million."
34, Munchables - REKT,"Wednesday, March 27, 2024","Munchables,REKT",The Blast L2 Big Bang award-winning project Munchables was exploited for $62.5M by a rogue dev. Funds retrieved from dev within a few hours in a rollercoaster ride of a day.
35, Curio - REKT,"Tuesday, March 26, 2024","Curio,REKT","Curio's MakerDAO-based smart contract on Ethereum was exploited for $16 million, due to a critical vulnerability involving voting power privileges."
36, Super Sushi Samurai - REKT,"Friday, March 22, 2024","Super Sushi Samurai,REKT","Blast L2-based game Super Sushi Samurai's LP drained $4.8m in contract bug exploit shortly after its launch, and the price dropped 99.9%."
37, Slerf - Rekt,"Tuesday, March 19, 2024","Slerf,Rekt",Solana Meme Coin SLERF turns into a hot mess after dev's $10M fumble.
38, Sushi - Something Smells Fishy,"Thursday, March 14, 2024","Sushi,Governance","Once seen as one of the darlings of Defi among Uniswap, Curve and Aave. SushiSwap showed a lot of promise, but that promise has been overshadowed by drama, which can be relentless at times. If we could have a leader board of Defi trainwrecks, surely Sushiswap would make the list."
39, Unizen - Rekt,"Tuesday, March 12, 2024","Unizen,REKT","March 8th, $2.1M was stolen in multiple attacks on the ETH-based DEX shortly after a contract upgrade to their DEX aggregation contract."
40, Woofi - Rekt,"Wednesday, March 6, 2024","Woofi,REKT","WooFi  got taken for a $8.5 Million ride on March 5th, after a flash loan attack on Arbitrum."
41, Seneca Protocol - REKT,"Thursday, February 29, 2024","Seneca Protocol,REKT","Over $6.4 million was stolen from users wallets on February 28, thanks to the bad tao of Seneca. Roughly 80% of the funds were returned within a day. Clearly Seneca knew there were issues, but chose the reckless route."
42, Aave - Communication Breakdown,"Monday, February 26, 2024","Aave,Governance",Governance is a theater. Dramatic walkouts from liquidity experts and risk managers alike serve as stark reminders of the complexities and challenges of decentralized governance.
43, Abracadabra - REKT,"Wednesday, January 31, 2024","Abracadabra,MIM,REKT",On-chain black magic led to two of Abracadabra’s cauldrons springing a leak yesterday. $6.5M gone and MIM losing its magic... What dark arts are needed for a full repeg?
44, Socket - REKT,"Wednesday, January 17, 2024","Socket,Bungee,Bridge,REKT",Infinite approvals… the ultimate leap of faith. Socket’s Bungee bridge lost $3.3M yesterday. Have you checked your approvals lately?
45, Gensler's Grand Gaffe,"Wednesday, January 10, 2024","SEC,Regulation","A fitting regulator for our circus of an industry. Yesterday, the SEC’s official Twitter account was compromised, announcing the approval of Bitcoin ETFs. Will the SEC investigate itself?"
46, Gamma Strategies - REKT,"Thursday, January 4, 2024","Gamma Strategies,Arbitrum,REKT","Gamma Strategies, an Arbitrum-based concentrated liquidity management protocol, was exploited for at least $4.5M, earlier today. Recently we wondered, ""Can we do better this year?"". So far, it’s not looking good."
47, Orbit Bridge - REKT,"Wednesday, January 3, 2024","Orbit Bridge,Bridge,REKT",It wasn’t just fireworks blowing up on New Year’s Eve... Orbit Chain’s Ethereum bridge lost $81.5M. What will 2024 bring?
48, Radiant Capital - REKT,"Wednesday, January 3, 2024","Radiant Capital,Fork,REKT","2024 is off to a bright start... Lending protool Radiant Capital lost $4.5M, to a known bug. Keeping up with the security landscape is key, especially when dealing with forked code."
49, Levana Protocol - REKT,"Friday, December 29, 2023","Levana Protocol,Osmosis,REKT","Gradually, then all at once. Levana Protocol lost over $1.1M to an oracle manipulation attack lasting almost two weeks. But if it hadn’t been for congestion, would they have even noticed?"
50, Money for nothing?,"Thursday, December 28, 2023","MEV,Uniswap,REKT",The cost of doing business? 98%. $1.3M was lost yesterday when a Uniswap V3 whale LP made a costly fat-finger error. Who deserves the spoils?
51, Ape Season Returns,"Thursday, December 21, 2023","Ape Szn,Ledger,Thirdweb","The apes are out of their cages once more, but familiar dangers are ever-present. Each innovation spawns new ways to get rekt but, despite the risks, opportunity certainly is out there."
52, Hypr Network - REKT,"Thursday, December 14, 2023","Hypr Network,Bridge,REKT","What is this, a bridge hack for ants? Yesterday, Hypr Network lost $220k to a bridge exploit. Forking code can be risky, especially when devs aren't up to date with issues in the source."
53, OKX DEX - REKT,"Wednesday, December 13, 2023","OKX,REKT","CeDeFi strikes again. OKX’s DEX aggregator has fallen victim to one of the oldest tricks in the book, losing $2.7M to a private key compromise. If the compromised contract was deprecated, why did they wait until it got rekt?"
54, Plenty of Phish,"Wednesday, December 6, 2023","Phishing,Scams","The tide may be turning, but crypto’s waters remain as treacherous as ever. Our latest phishing roundup covers the latest tackle and the most tempting lures. Will you take the bait?"
55, KyberSwap - REKT,"Thursday, November 23, 2023","KyberSwap,REKT","OG decentralised exchange KyberSwap got rekt across six chains, for a total loss of over $48M. Perhaps there’s some good news in store for KyberSwap and LPs, or is the attacker just toying with us?"
56," HECO Bridge, HTX - REKT","Wednesday, November 22, 2023","HECO Bridge,HTX,REKT","It's been a rough few weeks for Justin Sun. Today, another $99M went missing as HECO Bridge and HTX (again) were hacked in short succession. His Excellency makes sure to never stay out of the spotlight for long…"
57, Kronos Research - REKT,"Tuesday, November 21, 2023","Kronos Research,Woo X,REKT","Deja-vu, anyone? Market maker Kronos Research lost $26M over the weekend, leading to liquidity issues on closely-associated CEX Woo X. Where have we heard that before?"
58, dYdX - REKT,"Monday, November 20, 2023","dYdX,YFI,REKT","Weekend wipeout. dYdX lost 40% of its v3's insurance fund ($9M) in a ‘targeted attack' involving manipulation of Yearn’s YFI token. One exploit, two losers."
59, Raft - REKT,"Sunday, November 12, 2023","Raft,REKT","Raft was raided by on-chain pirates for $3.3M on Friday, but the loot ended up falling overboard. When braving DeFi's stormy seas, we all must choose our vessel. Would you trust a Raft?"
60, Poloniex - REKT,"Friday, November 10, 2023","Poloniex,Justin Sun,CEX,REKT",Nothing like a nine-figure exchange hack to cool the pump-induced euphoria. Poloniex had its hot wallets drained of $126M today. How deep do Justin Sun's pockets go?
61, RIP MEV Bot 2,"Thursday, November 9, 2023","MEV Bot,REKT","The sandwicher has become the sandwiched. $2M was lost on Tuesday night as an MEV bot got a taste of its own medicine. Is this a simple case of ‘you win some, you lose some’?"
62, Onyx Protocol - REKT,"Thursday, November 2, 2023","Onyx Protocol,Fork,REKT","Compound fork Onyx Protocol lost $2.1M to a high-profile, well-known vulnerability on Tuesday. Many protocols have fallen victim to repeated vulnerabilities so far this year. Are devs paying attention?"
63, LastPass Users - REKT,"Tuesday, October 31, 2023","LastPass,REKT","Your keys, their coins. Since December 2022, a slow-burn wallet draining campaign has been underway, totalling over $37M so far. The thefts appear to be linked to LastPass which suffered two hacks last year. Who do you trust with your seed phrase, anon?"
64, Unibot - REKT,"Tuesday, October 31, 2023","Unibot,Trading bot,REKT",Unibot's brand new router was exploited to drain at least $640k from users who had approved the contract. Sacrificing security for convenience can lead to costly lessons on trust. Will we ever learn?
65, Nightmare on FTM Street,"Wednesday, October 18, 2023","FTM,Phishing,REKT","Halloween came early this year for the Fantom Foundation. $7.5M was drained from multiple associated addresses, though the Foundation states that only $550k of the losses were theirs. When did DeFi become ‘trust, don’t verify’?"
66, Platypus Finance - REKT 2,"Friday, October 13, 2023","Platypus Finance,Avalanche,REKT","After three exploits in 8 months, Platypus is beginning to look like an endangered species. A flashloan attack has drained the Avalanche-based protocol of $2.2M. It’s been a rough week for Avalanche."
67, Tangible - REKT,"Friday, October 13, 2023","Tangible,UDSR,RWA,REKT","Tangible’s RWA experiment has got out of hand. And USDR is slipping through their fingers. A protocol won’t weather the storm if it isn’t built on sturdy foundations. Have you checked yours, anon?"
68," Lucky Star Currency, FSL - REKT","Wednesday, October 11, 2023","Lucky Star Currency,FSL,BSC,REKT","While SBF's trial occupies the attention of the crypto hivemind, it's business as usual on BSC. $2.79M has been rugged already this week across two shitcoin projects. Who’s still apeing into this stuff?"
69, Stars Arena - REKT,"Monday, October 9, 2023","Stars Arena,Avalanche,REKT","In the arena, breaking things. A double-whammy led to Stars Arena being drained of almost $3M on Saturday. Ever heard the phrase ‘stop digging’?"
70, Bulls Behind Bars,"Wednesday, October 4, 2023","SBF,3AC,Do Kwon",SBF is on trial and Su Zhu has been arrested in Singapore. Couple more arrests then up only? Washing out the apex-grifters presents an opportunity to return to crypto’s original ethos. Will we use it?
71, HTX (Huobi) - REKT,"Tuesday, September 26, 2023","HTX,Huobi,CEX,REKT","Yesterday, Justin Sun announced a $7.9M hack on HTX (formerly Huobi). Will this drop in the ocean turn out to be a simple case of ‘4’? Or are there bigger things to come?"
72, Mixin Network - REKT,"Monday, September 25, 2023","Mixin Network,REKT","What a way to start the week. This morning, Mixin Network announced a loss of $200M. The project claims to be “decentralised”, but has blamed the losses on a hacked third-party database. Where's the accountability?"
73, Gone Phishing,"Friday, September 22, 2023","Phishing,Scams",Phishing is a year-round sport. But crypto is providing especially bountiful waters lately. You’d have thought those of us still around would know better by now… What lurks in the murky depths?
74, Remitano - REKT,"Friday, September 15, 2023","Remitano,CEX,REKT","Another exchange drained, is Lazarus going for a September hat-trick? Remitano's hot wallets were hit for $2.7M, yesterday. But quickly frozen USDT ensured profits were vastly reduced. Are we… learning?"
75, CoinEx - REKT,"Wednesday, September 13, 2023","CoinEx,CEX,REKT","rekt across thirteen chains. Is that a new record? CoinEx has become the latest crypto custodian to have its hot wallets emptied, losing an eventual total of $54.3M. How long until the next CEX is hit?"
76, Cat and Mouse,"Friday, September 8, 2023","Privacy,Regulation,Tornado Cash","Privacy is dying, but all hope is not lost. The tug of war between crypto-enabled privacy and regulatory oversight has been on-going for years. Are Privacy Pools the answer?"
77, Stake - REKT,"Monday, September 4, 2023","Stake,Casino,REKT","They say the house always wins. Not in crypto. On-chain casino Stake lost over $41M from its hot wallets today. But why the delay, and omissions, in official comms?"
78, Balancer - REKT,"Saturday, September 2, 2023","Balancer,Beethoven X,REKT","Balancer has had a bit of a wobble. First came a warning. Then, last Sunday, the AMM (along with ‘official partner’ Beethoven X) lost $2.1M from v2 Boosted pools."
79, Exactly Protocol - REKT,"Friday, August 18, 2023","Exactly Protocol,Optimism,REKT",L2s have been going through something of a rekt-naissance lately. Exactly Protocol got hit for $7.2M by an exploit which drained users' collateral. Will Exactly ever financially recover from this?
80, Shibarium Bridge - REKT,"Thursday, August 17, 2023","Shibarium,Bridge,REKT",The Shibarium devs are in the doghouse. A botched launch of Shiba Inu’s ETH L2 sees a total of $2.6M of user funds stuck in a faulty bridge. Memecoins are evolving... but why?
81, RocketSwap - REKT,"Tuesday, August 15, 2023","RocketSwap,Base,REKT","RocketSwap has lost $869k to compromised private keys, allegedly stolen in a bruteforce attack on the project’s server. We are very sorry for your loss."
82, Zunami Protocol - REKT,"Monday, August 14, 2023","Zunami Protocol,REKT","The Curve ecosystem can't catch a break... Yesterday, Zunami Protocol lost $2.1M to a price manipulation attack. Keeping DeFi safe is a constant game of cat-and-mouse, one that can’t always be won."
83, Steadefi - REKT,"Tuesday, August 8, 2023","Steadefi,REKT",Steady lads. Steadefi lost $1.14M to a compromised deployer address on Monday. The attacker drained lending contracts after transferring their ownership. Phishing or an inside job?
84, BALD on Base - REKT,"Wednesday, August 2, 2023","BALD,Base,Rugpull,REKT","Coinbase’s compliant and grown-up L2 is already a shitshow. BALD pulled the rug for $23M, and the deployer has some interesting connections... YOLO-mania is in full force while DeFi burns."
85," Curve, Vyper - REKT","Monday, July 31, 2023","Curve,Vyper,REKT",Multiple protocols bit by the Vyper. Curve Finance returns to the leaderboard with a total of $69M drained from four pools. Some funds have been returned with hopefully more to come. Will this wake-up call be enough to trigger a change?
86, Kannagi Finance - REKT,"Sunday, July 30, 2023","Kannagi Finance,zksync,Rugpull,REKT","Kannagi Finance, a yield aggregator on zkSync pulled the rug on Saturday, dropping TVL from $2.1M to $0.17. The auditors may have highlighted 'centralised aspects' but, in this industry, who reads the fine print?"
87, DeFiLabs - REKT,"Friday, July 28, 2023","DeFiLabs,Rugpull,BSC,REKT","Yesterday, DeFiLabs rugged $1.6M from its users on BSC via a backdoor function in their staking contract. Random projects rugging on BSC is nothing new. The shitcoin casino claims another set of victims."
88, AlphaPo - REKT,"Wednesday, July 26, 2023","AlphaPo,REKT","AlphaPo lost $60M and it barely raises an eyebrow… Stories of compromised hot wallets leave little to be said. But one thing’s for sure, Lazarus isn’t getting bored."
89, EraLend - REKT,"Wednesday, July 26, 2023","EraLend,zksync,REKT",One more added to the list. EraLend lost $3.4M to the rampant read-only reentrancy bug plaguing protocols across the cryptosphere. Comments are not effective reentrancy protection.
90, Conic Finance - REKT,"Tuesday, July 25, 2023","Conic Finance,REKT","Lightning does strike twice. Conic Finance got double-rekt on Friday, losing a total of $4.2M from their ETH and crvUSD omnipools. Will such a promising protocol survive this double blow?"
91, Multichain - R3KT,"Friday, July 14, 2023","Multichain,Fantom,R3KT","So the rumours were true. At least according to Multichain. CEO Zhaojun has been in custody in China since May 21st, and he held all the keys. Multichain’s recent troubles have turned Fantom into a ghost town…"
92, Arkham Asylum,"Wednesday, July 12, 2023","Arkham Intelligence,Privacy","Intel exchange or snitch-to-earn? Arkham Intelligence’s address-doxxing market throws open the gates of the asylum, letting loose all kinds of unknown threats..."
93, Multichain - REKT 2,"Friday, July 7, 2023","Multichain,Bridge,REKT",Multi-rekt. Multichain was drained yesterday for a total of $126M of Fantom and Moonriver backing. The project has quite the record… How many more victims will lose out to these ‘experiments’?
94, Poly Network - REKT 2,"Monday, July 3, 2023","Poly Network,Bridge,REKT","Poly Network is back. Almost two years after topping the leaderboard, this time the hacker got away with just $4.4M. How many more bridges will get rekt because of a handful of compromised keys?"
95, TradFi Takeover,"Friday, June 23, 2023","TradFi,SEC,Regulation","The vultures are circling. 2021’s bull market saw crypto gain mainstream attention, turning old money from sceptics into scavengers. Now, with crypto vulnerable, instinct tells them to strike."
96, Midas Capital - REKT 2,"Monday, June 19, 2023","Midas Capital,BSC,REKT","Midas can’t keep hold of their gold. On Saturday they lost $600k to a known vulnerability, again. Weaknesses, once discovered, instantly propagate through the ecosystem… When will they learn?"
97, Atomic Wallet - REKT,"Friday, June 16, 2023","Atomic Wallet,Lazarus Group,REKT","Atomic Wallet blew up earlier this month. Even after two weeks, no official root cause has been announced, and the team's past attitude to security raises concerns. Will they ever admit what went wrong? Do they even know?"
98, Atlantis Loans - REKT,"Tuesday, June 13, 2023","Atlantis Loans,BSC,REKT","The lost city sunk long ago. Now, former users have been drained, for a total of $1M. Atlantis Loans was abandoned by the developers in early April, but was subject to a governance attack on Saturday."
99, Sturdy Finance - REKT,"Monday, June 12, 2023","Sturdy Finance,REKT","Not so Sturdy, after all. Sturdy Finance has lost $800k to a price manipulation exploit made possible by a well-known read-only reentrancy vulnerability. Why is this issue still causing problems?"
100, Grudgematch - SEC vs The CEXs,"Friday, June 9, 2023","Regulation,SEC,Binance,Coinbase","Gary Gensler has come out swinging. On Monday, the SEC levelled charges at Binance and CZ. The following day, it was Coinbase’s turn. This time, the gloves are off, but the stakes are higher than ever."
101, Jimbo's Protocol - REKT,"Monday, May 29, 2023","Jimbo's Protocol,Arbitrum,REKT","Jimbo’s Protocol was hit with a flash loan attack in the early hours of Sunday, losing $7.5M. The team have sent the attacker an ultimatum. But for now, Jimbo is stuck in limbo."
102, Tornado Cash Governance - REKT,"Monday, May 22, 2023","Tornado Cash,Governance,REKT",Cypherpunks strive to become ungovernable... but not like this. Tornado Cash's governance has been taken hostage via a trojan horse proposal. But now the hacker is proposing reversing the effects of their exploit. Hopefully this all turns out to be just a storm in a teacup.
103, Swaprum - REKT,"Saturday, May 20, 2023","Swaprum,Arbitrum,Rugpull,REKT","Swaprum, an Arbitrum-based DEX, pulled the rug for $3M on Thursday. Certik, the project's auditor, has since updated Swaprum’s security score to “Exit Scam”. Too little, too late?"
104, Recover - Ledger's Latest L,"Tuesday, May 16, 2023","Ledger,Wallet","Ledger’s new firmware update has the crypto crowd in crisis. The announcement of the new Recover service has many asking questions about the capabilities of the devices, which run on closed-source code. Trust me bro."
105, Deus DAO - R3KT,"Saturday, May 6, 2023","Deus DAO,R3KT",It’s a hat trick for Deus DAO.  Token holders lost a total of ~$6.5M and DEI depegged by over 80%. How many times can a thrice-hacked protocol be trusted?
106, Level Finance - REKT,"Tuesday, May 2, 2023","Level Finance,BSC,REKT","Level Finance got levelled. $1.1M in referral rewards were robbed from the BSC-based perps platform yesterday. The attack was initially attempted over a week ago, but it seems nobody noticed. Could a warning have saved Level?"
107, Merlin DEX - REKT,"Thursday, April 27, 2023","Merlin,zksync,Rugpull,REKT",$1.8M disappeared in a puff of smoke as Merlin pulled the classic DeFi magic trick. The zksync-native DEX had just completed its audit with Certik. How can such an easily ruggable protocol be green-lit? Or are users also to blame?
108, Hundred Finance - REKT 2,"Tuesday, April 18, 2023","Hundred Finance,REKT","On April 15th, Hundred Finance suffered a $7.4M exploit on Optimism. This is the protocol's first solo article, after having shared the stage with both Agave DAO and Meter. With Hundred’s leaderboard total now standing at $16.9M… what was it this time?"
109, Yearn - REKT 2,"Thursday, April 13, 2023","Yearn,REKT","rekt in prod… eventually. Over two years since its first leaderboard entry, Yearn has lost over $10M from an original iearn finance contract. As we wrote last time, no protocol is too big to fail. Who will be next?"
110, SushiSwap - REKT,"Monday, April 10, 2023","SushiSwap,REKT",Yoink. Over $3.3M was stolen from SushiSwap users over the weekend via a new routing contract. This is a bad look for an already-embattled protocol. How many more scandals can Sushi take?
111, Safemoon - REKT,"Wednesday, March 29, 2023","Safemoon,BSC,REKT","Not so safe after all. Yesterday, Safemoon lost $8.9M worth of supposedly locked LP thanks to a bug introduced in the project’s latest upgrade. How much longer can Safemoon last?"
112, Kokomo Finance - REKT,"Monday, March 27, 2023","Kokomo Finance,Optimism,Rugpull,REKT","Another week, another rug. This time, Kokomo Finance took off with $4M, before deleting their online presence. Less than a week old, and Kokomo has already flatlined."
113, Meltdown,"Wednesday, March 22, 2023","Banking,Stablecoins,Regulation","They’re at it again. And once more, we’ll all pay the consequences. The treatment isn’t a cure, just short-term relief. As chaos rages in TradFi, we must show resilience."
114, Euler Finance - REKT,"Tuesday, March 14, 2023","Euler Finance,REKT","Against the backdrop of a banking meltdown and stablecoin crisis, Euler Finance was struck a $197M blow. Many other projects had funds tied up in Euler, is anywhere truly safe?"
115, Hedera - REKT,"Friday, March 10, 2023","Hedera,Ecosystem,REKT","A nebulous threat rattled the entire Hedera ecosystem, yesterday. Dapps from across the network were affected and Hedera remains down while investigations continue. DeFi users spook easily… and with good reason."
116, Silvergate - REKT,"Thursday, March 9, 2023","Silvergate,CeFi,REKT","Unbanking the banked. After a troubled few months, Silvergate has finally given up. A house of cards will collapse when shaken. Who's next?"
117, Iron Bank vs Alpha Homora,"Monday, March 6, 2023","Iron Bank,Alpha Homora","Things move fast in DeFi, but this is a slow burner. A two-year old exploit, $30M of bad debt, holding user funds hostage... Worrying precedents are being set for conflict resolution in DeFi. How did we get here?"
118, Hope Finance - REKT,"Wednesday, February 22, 2023","Hope Finance,Rugpull,REKT",Abandon Hope all ye who enter here. $1.86M was rugged from Hope Finance yesterday. It’s impossible to know whether the doxxed individual accused by the team is truly to blame. Don’t get your Hopes up.
119, Dexible - REKT,"Monday, February 20, 2023","Dexible,REKT","Crisis-comms calamity as cross-chain chaos continues… Dexible lost a total of $2M on Friday, on Ethereum and Arbitrum. In Dexible’s own words... ""exploits happen in DeFi."""
120, Platypus Finance - REKT,"Thursday, February 16, 2023","Platypus Finance,Avalanche,REKT","Evolution works in mysterious ways. Platypus Finance lost $8.5M to a flash loan attack on its recently-launched stablecoin. It’s a jungle out there... and, as ever, it’s survival of the fittest."
121, dForce Network - REKT,"Monday, February 13, 2023","dForce Network,Arbitrum,Optimism,REKT",dForce Network was hit for $3.65M on both Arbitrum and Optimism. This attack on two fronts exploited a common reentrancy vulnerability. How much more will be lost to this bug?
122, Orion Protocol - REKT,"Saturday, February 4, 2023","Orion Protocol,REKT",The hunter has become the hunted. Orion Protocol fell prey to a  $3M reentrancy exploit on ETH and BSC. The loss was contained to an internal broker account and user funds are safe. Let's hope they take a more Sirius approach in future.
123, BonqDAO - REKT,"Friday, February 3, 2023","BonqDAO,AllianceBlock,REKT","BonqDAO got bonked for $120M, but the anonymous attacker got away with less than $2M. The hacker was able to manually update the price feed of collateral by staking just $175 worth of TRB tokens."
124, Midas Capital - REKT,"Tuesday, January 17, 2023","Midas Capital,Jarvis Network,REKT","The Midas touch has backfired, leaving a $660K hole in one of its jFIAT pools. The read-only reentrancy vulnerability is a known weakness of a recently introduced collateral type. Let’s hope this rushed decision doesn’t prove to be Midas’ undoing this time…"
125, War On Code - rekt.news meets The Defiant,"Thursday, December 29, 2022","Pertsev,Regulation,Interview","When overall integrity in cryptocurrency is at an all time low, the importance of unbiased & quality journalism becomes increasingly clear. rekt.news speaks to The Defiant about Alexey Pertsev and the current state of crypto journalism."
126, Highly regrettable trading strategy,"Wednesday, December 28, 2022","Avraham Eisenberg,Mango Markets","Code is not law. Avraham Eisenberg has been arrested in Puerto Rico. Despite the satisfaction of seeing this arrogant aggressor finally arrested, the consequences of his case do not look good for DeFi."
127, Raydium - REKT,"Monday, December 19, 2022","Raydium,Solana,REKT","On Friday, Raydium, a Solana-based AMM, lost a total of $4.4M in fees from its liquidity pools. Post-FTX, the future of Solana feels uncertain..."
128, Lodestar Finance - REKT,"Monday, December 12, 2022","Lodestar Finance,REKT",Lodestar Finance is the latest victim of the mass market manipulation that has affected both people and protocols across our industry. Lending pools drained for $6.5M put Lodestar at number 77 on the leaderboard.
129, Ankr & Helio - REKT,"Friday, December 2, 2022","Ankr,Helio,REKT","18 quadrillion dollars. That’s the theoretical value of the 60 trillion aBNBc that was illegitimately minted from Ankr. Unfortunately, that’s more than the GDP of the entire world, and the aBNBc liquidity couldn’t stretch that far, so the hacker only got away with $5M."
130, Euro's Last Stand,"Wednesday, November 30, 2022","ECB,CBDC,regulation","Desperate times call for desperate measures, such as propagandaposting from the European Central Bank Twitter account. Is the ECB giving financial advice?! This won’t age well."
131, SBF - MASK OFF,"Friday, November 18, 2022","SBF,REKT","SBF’s meltdown has gone from bad, to worse, to weird. The facade has fallen, and all his “beliefs” have turned out to be bullshit. The crypto movement is bigger than the failures of the past week, or at least, it will be..."
132, FTX - Yikes,"Thursday, November 10, 2022","yikes,dumb fuckin take,SBF,FTX,CZ,Binance","It’s all come crashing down for SBF, FTX and Alameda. Whether motivated by greed or altruism, the result is the same. The ends don’t justify the means - not when it ends like this."
133, Deribit - REKT,"Thursday, November 3, 2022","Deribit,CEX,REKT","Deribit has lost $28M from their hot wallets on the Ethereum and Bitcoin networks. As with all cases of “compromised keys”, only insiders can say for certain what caused the breach, but we have our usual suspects…"
134, Skyward Finance - REKT,"Thursday, November 3, 2022","Skyward Finance,NEAR,REKT",Skyward Finance has come crashing down to earth. The NEAR-based token launchpad had its treasury drained of approximately $3.2M. Don't fly too NEAR to the sun.
135, Team Finance - REKT,"Thursday, October 27, 2022","Team Finance,REKT","There’s no $ in Team. Four projects got rugged through their shared anti-rug mechanism. $15.8M lost, and number 46 on the leaderboard. Go Team."
136, SBF - The Regulator,"Friday, October 21, 2022","SBF,Regulation","After aggressively farming many of DeFi’s most lucrative opportunities since 2020, SBF is now suggesting his own industry standards, many of which go against the entire concept of decentralisation. Sam says we need “customer protection”. But from who?"
137, Moola Market - REKT,"Wednesday, October 19, 2022","Moola Market,REKT","Bear markets offer easy opportunities to market manipulators, who find it easier to move prices when liquidity is low. Lending protocol Moola Market is the latest to fall victim to a “highly profitable trading strategy”, and the first CELO protocol on the rekt.news leaderboard (#63)."
138, DAO Maker - Community Investigates,"Friday, October 14, 2022",DAO Maker,"This is a community-led investigation by rekt.news readers. DAO Maker, after getting rekt for $7M and then $4M last year, proposed a compensation plan to the affected users. But it appears the team had a change of heart."
139, Mango Markets - REKT,"Wednesday, October 12, 2022","Mango Markets,REKT","Solana’s flagship margin trading protocol lost 9 figures to a well-funded market manipulator. The attacker managed to spike the price of Mango Markets’ native token MNGO and drain their lending pools, leaving the protocol with $115M of bad debt."
140, TempleDAO - REKT,"Wednesday, October 12, 2022","TempleDAO,REKT",TempleDAO’s STAX was hacked for approximately $2.3M worth of LP tokens. The vulnerable contract had been live for four months. Why did it take so long to be exploited?
141, Sushiswap's Grey area,"Tuesday, October 11, 2022",Sushiswap,"Sushiswap has a new head chef. Let's hope he's washed his hands. After a long period of instability, the hiring of Jared Grey was supposed to bring back some focus to the “community fork” of Uniswap. But that focus has been misplaced already."
142, Sovryn - REKT,"Sunday, October 9, 2022","Sovryn,REKT","More fuel for the maxis. ~$1.1M was stolen from Sovryn, a “DeFi” protocol on the controversial “Bitcoin smart contract network” RSK."
143, BNB Bridge - REKT,"Friday, October 7, 2022","BSC,Bridge,REKT","Over half a billion stolen from the BNB bridge. If a chain can be stopped and started at a moment's notice, can it really be considered decentralised? Another bridge exploit, another entry on the leaderboard..."
144, Transit Swap - REKT,"Sunday, October 2, 2022","Transit Swap,REKT","Transit Swap has lost $21M to a vulnerability in its swap contracts. The cooperation between multiple security teams led to 70% of funds being returned. But a protocol using live, unverified contracts is never a good look in DeFi."
145, RIP MEV BOT,"Wednesday, September 28, 2022","MEV,REKT","Zero pity. The notorious MEV bot known as 0xbad has fallen on hard times, just like the rest of us. After 75 days of exploiting value from unexpecting users, this mempool menace backfired on its owner, creating a beautiful display of on-chain karma."
146, Wintermute - REKT 2,"Tuesday, September 20, 2022","Wintermute,Profanity,REKT","Wintermute have lost over $160M to their second incident this summer. Using a vanity address for ""gas savings"" has cost them dearly. Last time, funds were returned, will Wintermute get lucky again?"
147, Window of Opportunity,"Thursday, September 8, 2022","Regulation,Sanctions,Maker DAO","Maker DAO is going through a governance crisis. The US crypto crackdown combined with the falling markets has placed pressure on the protocol to define their purpose. Will Maker strive to preserve the crypto ideals and reject the legacy system? Or embrace growth, whatever the cost?"
148, Compound Errors,"Wednesday, August 31, 2022","Compound,Governance","Compound’s governance has backfired, and not for the first time. An oracle update has bricked the cEther market for a week. Compound say that “Funds are not immediately at risk, but this is a developing situation…”"
149, Winds of Change,"Friday, August 26, 2022","Tornado Cash,Sanctions,Regulation","It’s been a stormy summer for DeFi. The sanctioning of Tornado Cash has forced us to face certain questions about Ethereum’s future. Will the censorship-resistant, permissionless dream survive, or is OFAC’s influence an existential threat?"
150, Acala Network - REKT,"Monday, August 15, 2022","Acala Network,REKT","The billion that wasn't. Tornado sanctions didn’t deter these Polkadot thieves, who tried to steal ~$1.3B in aUSD from Acala Network."
151, Curve Finance - REKT,"Wednesday, August 10, 2022","Curve Finance,DNS hijack,REKT","Curve fell victim to a DNS hijacking yesterday, with approximately $575k lost to malicious contract approvals. For users, DeFi protocols are only as secure as their centrally-hosted front end. How much longer will web3 rely on web2?"
152, The Eye of the Storm,"Tuesday, August 9, 2022","Tornado Cash,Privacy,Sanctions","If you have nothing to hide, you have nothing to fear. Tornado Cash has been living on borrowed time, and now the crackdown has begun. Choose privacy while it’s still an option. It’s time to go dark..."
153, An Un-SOL-ved Mystery,"Wednesday, August 3, 2022","Solana,REKT","Approximately 8,000 addresses on the Solana network have been compromised, draining a total of ~$5.3M. Fear leads to rumours, and separating the signal from the noise is no easy task."
154, Nomad Bridge - REKT,"Tuesday, August 2, 2022","Nomad Bridge,REKT","Nomad Bridge has been torn apart, with $190M drained in a savage attack. This is the 100th incident to make it onto the leaderboard, but DeFi still has plenty of easy prey, and scavengers continue to circle overhead."
155, Nirvana Finance - REKT,"Friday, July 29, 2022","Nirvana Finance,Solana,REKT","Nirvana Finance lost $3.5M yesterday to a flash loan attack. It seems Solana’s relevance is waning, but will Nirvana get a chance at reincarnation?"
156, Audius - REKT,"Monday, July 25, 2022","Audius,REKT","Audius has fallen victim to a governance attack, losing $6M of its native token, AUDIO. Let’s hope their debut is a one-hit wonder."
157, Crema Finance - REKT,"Monday, July 4, 2022","Crema Finance,REKT","~$8.8M skimmed off the top. Crema Finance, a concentrated liquidity AMM on Solana, was exploited into issuing millions in excess LP fees."
158, Harmony Bridge - REKT,"Friday, June 24, 2022","Harmony Bridge,REKT",Harmony has hit a bum note. To the tune of $100M. Were nine figures really secured by just two signatures? And is this the final encore for Harmony Network?
159, 3AC Contagion,"Friday, June 24, 2022","Three Arrows,CeFi,SBF",Shockwaves from the Three Arrows implosion are still shaking the industry. Organisations such as Voyager and BlockFi are desperately looking for a lifeline. Can these CeFi casualties survive solely on the effective altruism of others?
160, EthCC - De Tychey vs Touts,"Thursday, June 23, 2022",EthCC,"Ticket Tout Tied up in Conference Crime Drama. A self-proclaimed group of “crypto enthusiasts” managed to trick the system for EthCC, purchasing 200 tickets with a plan to sell them on. But EthCC fought back, and now it's the scalpers who are out of pocket."
161, Bancor LP - REKT,"Wednesday, June 22, 2022",Bancor,"The flagship feature of Bancor v3, which protects LPs from the effects of volatility, has been suspended, due to… v o l a t i l i t y. If it sounds too good to be true, it probably is."
162, Everyone - REKT,"Wednesday, June 22, 2022","Everyone,REKT","So many sad stories. All corners of the industry are reporting major losses, after being punished relentlessly by the unforgiving market conditions. And it’s not just those who were leveraged who are feeling the pain."
163, Inverse Finance - REKT 2,"Thursday, June 16, 2022","Inverse Finance,REKT","Flipped again. $1.2M to the anonymous attacker, and $5.8M lost overall. After two hacks in such quick succession, will Inverse be able to survive this crypto winter?"
164, Celsius - REKT,"Tuesday, June 14, 2022","CeFi,Celsius,REKT","Celsius is burning up. As their positions approached liquidation point, and with users prevented from withdrawing their funds, many feared the worst. It now seems Celsius is cooling down, but will the markets forgive them?"
165, Gym Network - REKT,"Friday, June 10, 2022","Gym Network,BSC,REKT","Gym Network offers a “perfect workout for your tokens” but has pushed itself to failure, losing $2.1M. The project’s two audits were completed last month. Why introduce new code so soon and risk an injury?"
166, Wintermute - REKT,"Thursday, June 9, 2022","Wintermute,Optimism,REKT","The glass is half-empty for Wintermute who have lost 20M OP, worth ~$27.6M at the time of the incident. In an already struggling market, actions such as these make it hard to remain Optimistic."
167, Mirror Protocol - REKT,"Tuesday, May 31, 2022","Mirror,Terra,REKT 2","Mirror mirror on the wall… $90 million stolen, but that’s not all. Two exploits hit Mirror Protocol, and the larger of the two wasn’t even noticed at first."
168," Blizz Finance, Venus Protocol - REKT","Friday, May 13, 2022","Blizz Finance,Venus Protocol","The Luna fall-out continues. Venus Protocol on BSC and Blizz Finance on Avalanche have been drained of $13.5 and $8.3M, respectively. With shaky markets, and the first projects falling victim to the failure of LUNA and UST, how far will the damage spread?"
169, Luna - REKT,"Wednesday, May 11, 2022","Luna,UST,Anchor","Our house of cards is tumbling down. A multi-billion dollar protocol has fallen, crushing the hopes and dreams of thousands of users. The shockwaves have brought attention from far beyond our usual echo chamber. Now the whole world is watching. The death of Anchor Protocol has done an unprecedented amount of damage."
170, Fortress Protocol - REKT,"Monday, May 9, 2022","Fortress,REKT,BSC","Fortress is in ruins after $3M was stolen by an oracle manipulation and malicious governance act. The UI is paused, but the contracts remain live. Will Fortress's ecosystem bail out users for the lost funds?"
171, MM Finance - REKT,"Friday, May 6, 2022","MM Finance,REKT","Mad Meerkat Finance (not to be confused with normal Meerkat Finance) lost $2M to a DNS exploit. Back-end attacks, front-end attacks, when will we see the end of the attacks?"
172, Monkey Business,"Thursday, May 5, 2022","BAYC,NFT","In just one year, Bored Ape Yacht Club has evolved from a niche NFT, into a whole ecosystem, and a mainstream means of flexing wealth. The rise of BAYC has been unstoppable, but the recent Otherdeeds mint was far from perfect. What's next for BAYC?"
173, Fei Rari - REKT 2,"Sunday, May 1, 2022","Fei,Rari,REKT",Fei Rari - rekt. Seven of Rari’s Fuse pools were drained for a total of ~$80M. This isn’t the first time that Rari's got rekt - lets hope the hackers don’t go for a hat trick.
174, Saddle Finance - REKT 2,"Sunday, May 1, 2022","Saddle Finance,REKT","$11M was stolen from Saddle Finance yesterday, with a further $3.8M taken in a rescue by BlockSec. Despite claiming that “user funds are safe”, Saddle later clarified they were only referring to the amount that was not stolen. rekt.news can clarify that the $11 million that was stolen, is not safe."
175, Deus DAO - REKT 2,"Thursday, April 28, 2022","Deus DAO,Fantom,REKT","Deus DAO double damage. In an unfortunate sequel to last month’s incident, the protocol has now lost a further $13.4M. How did the attacker bypass the new oracle?"
176, Big Phish,"Tuesday, April 19, 2022","North Korea,Ronin","The DeFi class of 2022 has introduced some unexpected players. The FBI have announced that a collective of North Korean state-sponsored hackers (The Lazarus Group) are responsible for multiple DeFi hacks, including the largest - the Ronin Network."
177, Beanstalk - REKT,"Monday, April 18, 2022","Beanstalk,REKT","$181M jacked from Beanstalk, but the attacker only kept $76M. A malicious governance proposal was pushed through by a flash loan, and the attacker then voted to transfer all the assets to themself, but not before donating $250K to the Ukraine war fund."
178, Elephant Money - REKT,"Wednesday, April 13, 2022","Elephant Money,REKT",An audit couldn’t protect Elephant Money from the on-chain poachers. Solidity Finance failed to notify Elephant about a vulnerability which was later exploited for $22.2M.
179, Inverse Finance - REKT,"Saturday, April 2, 2022","Inverse Finance,REKT",Inverse Finance got flipped for ~$15M. A professionally executed hack allowed an anonymous actor to manipulate the price of INV and help themself to an exclusive deal from the ETH based lending protocol.
180, Voltage Finance - REKT,"Thursday, March 31, 2022","Voltage Finance,Ola Finance,REKT","Voltage Finance has been exploited for ~$4M via its partner Ola Finance. Earlier this month, a similar incident on the xDAI chain gave the teams using Compound’s code plenty of warning. But somehow, neither Voltage nor Ola got the news."
181, Ronin Network - REKT,"Tuesday, March 29, 2022","Ronin,REKT","A new number one on the leaderboard. ~$624M stolen from Ronin Network, but nobody even noticed for 6 days. Will the attacker try to launder the loot?"
182, Revest Finance - REKT,"Monday, March 28, 2022","Revest Finance,REKT","~$2M taken from Revest Finance. “One audit is never enough” says Revest, as they found that a reentrancy vulnerability was not picked up in their security checks."
183, Cashio - REKT,"Wednesday, March 23, 2022","Cashio,REKT,Solana","$48M CASHed out. The latest leaderboard entry comes from the Solana network, where an anonymous attacker used an infinite mint to make Cashio print faster than the Fed."
184," Agave DAO, Hundred Finance - REKT","Tuesday, March 15, 2022","Agave,Hundred,REKT","Two forks met the same fate. Agave DAO and Hundred Finance both fell victim to the same reentrancy attack. A combined total of $11.7M stolen. Considering the structure of DeFi today, the double damage is not surprising."
185, Deus DAO - REKT,"Tuesday, March 15, 2022","Deus DAO,Fantom,REKT","Deus rekt machina. An unexpected plot twist saw Deus DAO users liquidated, with the attacker making ~$3M profit. Flash loan attacks are not as common they once were. Is DeFi growing stronger?"
186, Treasure DAO - REKT,"Thursday, March 3, 2022","Treasure DAO,NFT,REKT","Swiggity swooty, somebody plundered the Treasure DAO booty. ~$1.4M worth of NFTs has been stolen from the largest NFT marketplace on Arbritrum, leaving the OpenSea competitor stranded in deep water."
187, Airdrop Siren,"Wednesday, March 2, 2022","Ukraine,Airdrop","When the Ukrainian government announced that they would be accepting crypto donations, Twitter was quick to begin making jokes about potential airdrops. Then it really happened."
188, Cy-Ops,"Saturday, February 26, 2022","Propaganda,Russia,Ukraine","As Ukrainian forces fight to defend Kyiv against Russian aggression, a parallel digital battle is underway. If cryptocurrencies allow nation states to sidestep economic sanctions, how will we apply diplomatic pressure in the future?"
189, Dego Finance - REKT,"Thursday, February 10, 2022","Dego Finance,Cocos-BSX,REKT","$10M taken from Dego Finance and their partner Cocos-BCX. Dego have claimed this to be a case of compromised keys, leaving us wondering, why didn't they use a multi-sig?"
190, Superfluid - REKT,"Wednesday, February 9, 2022","Superfluid,REKT","$8.7M drained from Superfluid. The crypto streaming protocol was exploited by an anonymous attacker, causing collateral damage to several other DAO's."
191, Meter - REKT,"Monday, February 7, 2022","Meter,Hundred,REKT","Building bridges is a dangerous business. Another attack sees $4.4M taken from Meter.io on BSC, making Hundred Finance lose $3.3M in collateral damage."
192, Wormhole - REKT,"Thursday, February 3, 2022","Wormhole,Solana,REKT","Wormhole had a loophole... A hacker distorted the fabric of Solana's space-time, netting $326M in the process. How did Wormhole return so much ETH so fast?"
193, Qubit Finance - REKT,"Friday, January 28, 2022","Qubit Finance,BSC,REKT","In other news... Qubit Finance, a protocol by the team behind repeat offender PancakeBunny, has fallen victim to an $80M exploit. But will anyone remember this next week?"
194, Sifu Scandal,"Friday, January 28, 2022","0xSifu,Sesta,Wonderland","All funds are Sifu. An on-chain sleuth discovered that all was not well in Sesta's Wonderland, and the impacts of Quadriga are far from forgotten."
195, Crypto.com - REKT,"Wednesday, January 19, 2022","CEX,REKT","Another CEX rekt, but they have yet to admit it. ~$33.7M taken, hundreds of users affected, and Crypto.com are still claiming that ""funds are safe""."
196, Airdrop Hunters II,"Saturday, January 15, 2022",Airdrop,There’s money to be made in giving money away. Recent airdrops have gained huge amounts of attention. But can the coin creators create a lasting community with no real product of their own?
197, LCX - REKT,"Monday, January 10, 2022","CEX,CeFi,LCX,REKT","Nothing to see here… Another CEX rekt, $7.94M stolen. The USP of centralised finance grows smaller by the day."
198, Arbix Finance - REKT,"Tuesday, January 4, 2022","Arbix Finance,REKT","New year, old news. Rug pulls are common on Binance Smart Chain; we’re only mentioning this one because it was larger than most. ~$10 million taken, and Arbix Finance are nowhere to be seen."
199, Visor Finance - REKT,"Wednesday, December 22, 2021","Visor Finance,REKT","It is the season of giving, and Visor Finance is going all in. Visor allowed an anonymous actor to mint $8.2M in VISR."
200, Bent Finance - REKT,"Tuesday, December 21, 2021","Bent Finance,REKT",Who has been bending the rules at Bent Finance? ~$1.75M taken. Inspector rekt sets things straight.
201, Grim Finance - REKT,"Monday, December 20, 2021","Grim Finance,REKT","Don’t fear the reaper. Grim Finance is rekt. $30M gone, position 18 on the leaderboard."
202, Vulcan Forged - REKT,"Monday, December 13, 2021","Vulcan Forged,CEX,REKT","Four cases in ten days. $140M gone from Vulcan Forged. ""Compromised keys"" are so hot right now."
203, Ascendex - REKT,"Sunday, December 12, 2021","Ascendex,REKT",Two CEX rekt in one week. Why do we see more “compromised keys” in uncertain markets? $77.7M gone from Ascendex.
204, 8ight Finance - REKT,"Wednesday, December 8, 2021","8ight Finance,REKT","Although this is our first story taking place on the Harmony chain, there’s nothing new about the protocol. Another Olympus fork, another set of ""compromised keys"". $1.75M gone."
205, Sushiswap Scandal,"Monday, December 6, 2021","Sushiswap,leak","Internal arguments, fired whistleblowers, and dismissed developers have brought dark times upon the once popular “community-led” decentralised exchange. How did it go so wrong for Sushiswap?"
206, BitMart - REKT,"Sunday, December 5, 2021","CeFi,BitMart,REKT","Is CeFi any safer than DeFi? If not, why use it? BitMart has lost $196M, placing it at number 2 on our leaderboard. Will they commit to refunding their users?"
207, REKT:TV - Ape Tax,"Friday, December 3, 2021","ape tax,rektTV","Ape Season is here, and Ape Tax must be paid. Just as relevant as when it was first published in December of 2020, our second major video release is an animated assessment of our online gambling culture."
208, Badger - REKT,"Thursday, December 2, 2021","Badger,REKT","rekt roadkill. $120M taken in a front-end attack, placing Badger at number four on the leaderboard. rekt repeats; ""infinite approval means unlimited trust."""
209, MonoX - REKT,"Tuesday, November 30, 2021","MonoX,REKT",rekt by their own token. Mono X lost $31M via a price manipulation of their recently launched $MONO. How did two audits not prevent this?
210, Snowdog - REKT,"Friday, November 26, 2021","Snowdog,Avalanche,REKT",A “game theory experiment” or a new breed of rug pull? ~$18M snapped up by just the first two transactions of Snowdog’s buyback. Was it luck or inside information that led the top dogs to success?
211, Uniswap V3 LP - REKT,"Thursday, November 18, 2021",Uniswap,It’s not all rainbows and unicorns in Uniswap V3. A recent study suggests that ~50% of UNI V3 LPs are losing money.
212, Airdrop Hunters,"Wednesday, November 17, 2021",Airdrop,"It’s airdrop season. Tokenised responsibility is falling thick and fast. But do users want to govern, or do they prefer to speculate?"
213, bZx - REKT,"Saturday, November 6, 2021","bZx,REKT","Attacks can come from all angles. Straight to number 6 on our leaderboard for bZx, who lost $55M to a phishing attack."
214, Cream Finance - REKT 2,"Thursday, October 28, 2021","Cream,Yearn,REKT",Cream Finance has been hacked (again) for ~$130 million. The Yearn Finance decentralised monopoly has grown too large. Why accumulate so many protocols if you don’t care for their users?
215, Indexed Finance - REKT,"Friday, October 15, 2021","Indexed Finance,REKT","$16 million taken from Indexed Finance. That’s one more protocol added to the rekt register, and $16 million more on our leaderboard. Is anonymity the only way to stay safe?"
216, FTX - Terms & Commissions,"Wednesday, October 6, 2021","FTX,SBF","This is a customer service announcement. Will FTX please comply with their own terms and conditions? An unhappy FTX user came to us for help after they were overcharged ~$954,135 by the centralised exchange."
217, Compound - REKT,"Monday, October 4, 2021","Compound,REKT","It’s worse than we thought. Last week ~$80M in excess COMP was wrongly distributed. Now another ~$68.8M has been sent to the vulnerable vault, and even more COMP is being given away."
218, Overcompensated,"Thursday, September 30, 2021",Compound,"A Compound governance proposal contained a bug which allowed for the distribution of ~$80M in excess COMP rewards. Mistakes were made, but who lost out?"
219, Anniversary Auction,"Monday, September 27, 2021",Hello World,"To celebrate our one year anniversary, and to fund our future development, we have created 20 unique NFTs. Visit OpenSea now to view the full collection."
220, One year of rekt.news,"Thursday, September 23, 2021",Hello World,12 months have passed since our Hello World. This is your chance to own a piece of rekt.news. Our anniversary auction sale is now live.
221, Vee Finance - REKT,"Tuesday, September 21, 2021","Vee Finance,REKT","Top ten thievery. $34 million taken from Vee Finance earns them the number 7 spot on our leaderboard, yet nobody seems surprised. What’s normal for us is not normal elsewhere."
222, JayPegs Automart - REKT,"Saturday, September 18, 2021","NFT,Sushi,JayPeg,REKT","A blue-chip rekt by a front-end attack. Remind us, which part of crypto is supposed to be “trustless”? Misplaced faith (temporarily) cost MISO $3.1 million."
223, Spotlight on Solana,"Monday, September 13, 2021","Solana,Spotlight","Was that Solana Summer? These cheaper, faster, centralised chains put the Ethereum ""community"" to the test. But are their claims accurate?"
224, DAO Maker - REKT,"Monday, September 6, 2021","DAO Maker,REKT","DAO Maker meet their maker. Again. $4M lost, less than a month after losing $7M. If you get rekt on repeat then we have to say something..."
225, Tomb Finance - REKT,"Friday, September 3, 2021","Tomb Finance,Fantom,REKT","The raid of Tomb Finance makes for Fantom's first fatality. The Tomb team say it wasn't a hack, but we’ll let the rekt readers be the judge of that."
226, Banksy Pranksy Scam,"Wednesday, September 1, 2021","Banksy,Pranksy,NFT","The Banksy Pranksy Scam caught the attention of even the mainstream media, but nobody tried to find the truth. Was it a publicity stunt, or ""performance art""? We stop and search the suspects to find out more."
227, Cream Finance - REKT,"Monday, August 30, 2021","Cream,REKT","Inspector rekt back once again. $18.8M lost to a ghostface killer, this time from an old school DeFi protocol."
228, X-Token - REKT X2,"Monday, August 30, 2021","X-Token,REKT","Some sequels should never be written. Three months ago this team lost $24 million - in the same token, to the same attack technique. Why did they let it happen again?"
229, A Piece of Art,"Friday, August 27, 2021","NFT,fractionalisation","Chop it up, pump the price, and ramp up the speculation. NFT Fractionalisation has arrived, and influencers are getting hilariously rich, but for how long?"
230, Punk Protocol - REKT,"Friday, August 13, 2021","Punk Protocol,REKT","Punk is dead. On Aug 10th, Punk Protocol was hacked for $8.95M, ~$5M of which was later returned."
231, Poly Network - REKT,"Wednesday, August 11, 2021","Poly Network,REKT","This is it rekt readers; the big one. $611M stolen from Poly Network, but has the hacker had a change of heart? They're returning the money bit by bit."
232, Levyathan - REKT,"Thursday, August 5, 2021","Levyathan,REKT","Levyathan Finance sank last week, along with its TVL of $1.5M. Basic errors lead to total destruction. Bad intentions or just raw incompetence? You decide."
233, Popsicle Finance - REKT,"Wednesday, August 4, 2021","Popsicle,REKT",Protocol meltdown. ~$20 million gone. A complex hack of a simple bug leaves Popsicle Finance in a sticky situation.
234, THORChain - REKT 2,"Monday, July 26, 2021","THORChain,REKT",THORChain took a hammering. Recently the protocol was hit for $5M. A second strike saw them lose another $8M. What's next for THOR and their fanatical followers?
235, PancakeBunny - REKT 2,"Sunday, July 18, 2021","PancakeBunny,Polygon,REKT","Two months ago PancakeBunny got rekt on BSC, now the same thing has happened on Polygon. $2.4 million lost. How earitating."
236, THORChain - REKT,"Friday, July 16, 2021","THORChain,REKT","Even the old gods cannot escape the exploits. As the cross-chain attacks continue, THORChain becomes the latest victim. $5 million lost."
237, Bondly - REKT,"Thursday, July 15, 2021","Bondly,REKT","In which Bondly battles the infinite mint. BONDLY token holders are now at a loss, due to an infinite mint exploit in which the attacker made a profit of $5.9 million."
238, Anyswap - REKT,"Tuesday, July 13, 2021","Anyswap,REKT","The bridges are burning. Anyswap and Chainswap in 24 hours. They say it's fixed, but can you trust them?"
239, ChainSwap - REKT,"Tuesday, July 13, 2021","ChainSwap,REKT","As the demand for DeFi increases across chains, the bridges that join them turn into targets themselves. A chain is only as strong as its weakest link… Who will break next?"
240, Curve Wars,"Thursday, July 8, 2021",Curve,"A battle for power is being fought between different DeFi protocols. There are no losers, only smaller winners. The game continues until everyone is dead."
241, Merlin Labs - R3KT,"Tuesday, June 29, 2021","Merlin Labs,R3KT",The third time’s a charm for Merlin Finance. Why do people keep going back?
242, SafeDollar - REKT,"Monday, June 28, 2021","SafeDollar,Polygon,REKT","Your dollars are not safe and they never were. Just $248k taken from a protocol that was called ""SafeDollar."""
243, StableMagnet - REKT,"Thursday, June 24, 2021","StableMagnet,BSC,REKT","A few hours before the attack, we received a message from an anonymous source suggesting that StableMagnet would rugpull. We couldn’t verify the claims, so our hands were tied."
244, Eleven Finance - REKT,"Wednesday, June 23, 2021","Eleven Finance,BSC,REKT","This one almost struck a nerve. Eleven.finance, a yield aggregator on Binance Smart Chain (BSC) and Polygon (MATIC) was exploited for a total of $4.5M."
245, Alchemix - REKT,"Friday, June 18, 2021","alchemix,REKT",DeFi is a volatile protoscience. The Alchemix post-mortem shows how modern-day alchemists almost succeeded at safely creating gold out of the ether.
246, Iron Finance - REKT,"Thursday, June 17, 2021","Iron Finance,algorithmic,rekt","Not a hack but a stampede. The bull market finished late on Iron Finance, but the IRON stablecoin quickly melted when a mass panic gripped the nervous TITAN token holders."
247, Ultravolatile,"Tuesday, June 15, 2021","markets,doge","The markets may have cooled off, but the fundamentals remain the same. If the dog and genital coins didn’t prepare you for a bit of the old ultra-volatility, then what did you think was going to happen?"
248, Belt - REKT,"Saturday, May 29, 2021","Belt,BSC,Rekt",Welcome to the slaughterhouse. Another fork of a fork has rolled off the conveyor belt with $6.3M falling straight into the hands of the hacker.
249, BurgerSwap - REKT,"Friday, May 28, 2021","BurgerSwap,REKT",The hackers are really spoiling us this week with our fourth helping of the exact same meal. Can you ever really get tired of a classic? $7.2M was stolen from BurgerSwap in just 14 servings.
250, Merlin Labs - REKT 2,"Thursday, May 27, 2021","Merlin Labs,REKT 2","Once was not enough for Merlin Labs. Just 8 hours after the first attack, they lost another ~200 ETH, yet still they remain at the bottom of the leaderboard. Must try harder."
251, Merlin Labs - REKT,"Wednesday, May 26, 2021","Merlin Labs,REKT","The PancakeBunny attack pulled the rabbit out of the hat, now a surprisingly similar string of attacks emerges from Binance Smart Chain. $680,000 taken from Merlin Lab."
252, Autoshark - REKT,"Tuesday, May 25, 2021","Autoshark,REKT","Autoshark hacked, now they swim with the fishes, although the damage was small - only ~$745k profit. Perhaps the hacker who donated $100k DAI to the rekt.news treasury didn’t like to see Autoshark fishing for promotion in the replies."
253, rekt:TV - Hopium Diaries - Dystopian Dreams,"Monday, May 24, 2021","hopium diaries,rektTV",Follow our anonymous author into a future of finance. Not one that will be but one that might be.
254, Blood in the streets II,"Thursday, May 20, 2021","liquidation,markets,rekt","What was all the panic about?! We all knew it was only temporary, didn't we??? Another bloodbath, this time perhaps slightly overdue. Now the markets have settled somewhat, do you dare be as long as before?"
255, PancakeBunny - REKT,"Thursday, May 20, 2021","PancakeBunny,BSC,REKT","The BSC bloodbath continues. $45 million gone from ""PancakeBunny"". At its peak, Pancake Bunny had over $10 billion in TVL. At the time of writing, that TVL is down to just over $1 billion. “Aren’t Flash loans Earitating” said the hacker."
256, bEarn - REKT,"Monday, May 17, 2021","bEarn,REKT","$18 million gone from bEarnFi. Has the hacker returned richer to their day job, or do they attack on weekends as they expect less attention? As we watch the rapid rise and fall of TVL on BSC, it becomes even more apparent that time is the most valuable audit of all."
257, FOMO on Meme Street II - Vitalik VS Shiba,"Thursday, May 13, 2021","fomo,doge,vitalik","A few months back, Doge had this town in his pocket, now you could strain him through a sieve. New money brought new liquidity. The kind of liquidity Doge had hoped would clean the filth right off these streets. But he’d got it wrong. Dead wrong."
258, XToken - REKT,"Wednesday, May 12, 2021","XToken,REKT",The X-ploiters live amongst us. $24 Million gone from XToken. A sub-species of crypto users have developed superhuman abilities which allow them to tear through holes in smart contracts or mould them to their will with flash loans and arbitrage.
259, Rari Capital - REKT,"Saturday, May 8, 2021","Rari Capital,REKT","Young blood & new money. Rari Capital has fallen victim to a serial attacker, who came from across chains to drain the Rari Capital pool, removing $10 million worth of ETH."
260, Value DeFi - REKT 3,"Saturday, May 8, 2021","Value DeFi,REKT",Twice in one week. Value DeFi is a trainwreck. Six months ago they lost $7M. Three days ago they lost $10M. Now they’ve lost another $11M. What went so wrong with Value DeFi?
261, Value DeFi - REKT 2,"Thursday, May 6, 2021","Value DeFi,REKT","2 for 1, that’s Value DeFi - The first protocol to feature twice on the rekt leaderboard. First seven million, and now ten million dollars taken, as Value DeFi gets rekt cross-chains."
262, Big if TrueBit,"Wednesday, May 5, 2021",TrueBit,"Truth can be stranger than fiction… If the TrueBit launch wasn’t a scam, then why was there so much suspicion? With no official media channels or any form of up to date launch announcement, there is still much we don’t know about the mysterious launch of TrueBit protocol."
263, Spartan Protocol - REKT,"Sunday, May 2, 2021","Spartan Protocol,REKT","Sparta has fallen. A flaw in the code allowed an attacker to drain the SPARTA/WBNB liquidity pool, earning themselves $30 million and the 6th position on the rekt leaderboard as a result."
264, The Second Layer,"Friday, April 30, 2021","Ethereum,L2","Layer two is here, and apps are scaling fast. They say life on the second layer is a huge improvement, but how long will it last? What is Layer two, what do we know about the solutions that are being offered, and is everything as safe as it seems?"
265, Uranium Finance - REKT,"Wednesday, April 28, 2021","Uranium,REKT","Cross-chain hacks are on the rise. Uranium Finance exploded again, leaving BSC users to cope with the fall out. $57 million gone, in the latest hack on Binance Smart Chain."
266, Shitcoins,"Monday, April 26, 2021","shitcoin,safemoon","It’s been at least three months since the FOMO began, and the shitcoins show no sign of stopping. Countless people making X amounts of gains, and still we continue to laugh at what we see as scams and money grabs, confident in the knowledge that the bubble will surely burst. It all starts to feel familiar… Are we the boomers now?"
267, EasyFi - REKT,"Tuesday, April 20, 2021",REKT,"The first big hack of a layer two protocol was EASY - $6 million in stablecoins and ~$53 million in EASY tokens gone without any complications, when the mnemonic keys for Easy Network fell into the wrong hands."
268, Flip a $COIN,"Thursday, April 15, 2021","Coinbase,DAO","Now we are on the other side of the $COIN, and the game has changed forever. The Coinbase listing was a milestone for not just the founders, but all early believers and current enthusiasts. Now Wall Street can consume Bitcoin profits without having to look crypto in the eye, and the legitimisation of our industry continues."
269, Fei - REKT,"Wednesday, April 7, 2021","Fei Protocol,Stablecoins","FEI has failed to maintain its $1 peg, and protocol governance token TRIBE has dropped by around 30% since launch. Fei’s tokenomics imprison and punish their users for the failures of the founders, and the project is widely seen as a disaster. What does the future hold for Fei, and for algorithmic stablecoins in general?"
270, Force - REKT,"Sunday, April 4, 2021","Weak,Force",A white hat is not white if nobody can see it. The community rugged itself. Force DAO - the smallest airdrop followed by the most unremarkable hack.
271, Time as Money,"Tuesday, March 30, 2021",NFT,"Consider a world where we don’t share moments - we trade them, where every second can be sold and every minute might make money. From moments in sports to the past performance of politicians. Where, or when, will it end?"
272, Sheeple,"Thursday, March 25, 2021","Beeple,NFT","Beeple is out and who can blame him? Maybe those who who paid millions in ETH for his artwork, or maybe those who promoted him as a figurehead for the NFT industry. Will this mark the end of the NFT craze?"
273, Bitclout,"Wednesday, March 24, 2021","Bitclout,Social Tokens","Shoot yourself in the foot to log in - people will do anything for clout. Despite the hate and the public mockery, “Bitclout” rumbles on; a system of forcibly assigned social tokens valued by the number of followers each account has on Twitter. Who's behind this controversial project?"
274, Reef VS Alameda,"Tuesday, March 16, 2021","Reef,Alameda,SBF","The biggest deals aren’t done in public. The real money changes hands OTC, where business is not so black and white. When Reef sent Alameda an initial transaction of $20m REEF, Alameda quickly sent them to Binance, where they were sold or maybe used as collateral. What happened next was not pretty."
275, Roll - REKT,"Sunday, March 14, 2021","Roll,Social Tokens,REKT","Attacks can happen at any time, but the weekends are always busiest. Social tokens haven’t taken off yet, but that doesn’t mean Roll didn’t get rekt. $5.7 million gone, and still no word from the Roll team."
276, Whale Hunt - Big Data Protocol,"Friday, March 12, 2021","BDP,Whale Hunt","This time last year, DeFi TVL had just crossed $1B. Now we see $6.2B in just one protocol. The six days of the Big Data Protocol liquidity mining program are over, and capital is flowing out of this whale sized fishbowl."
277, DODO - REKT,"Tuesday, March 9, 2021","DODO,REKT","Is it dead or has it just gone to bed? DODO was hacked for $2 million using a fake token attack, but the motive remains unclear. One thing’s for sure, whether hat white or black - only $2 million? Must try harder."
278, Paid Network - REKT,"Friday, March 5, 2021","PAID,REKT","Willy Wonka returns with the infinite mint, creating 59,471,745.571 PAID tokens before dumping them onto the unsuspecting Oompa Loompas who were providing liquidity to the PAID/ETH pair on Uniswap."
279, Meerkat Finance - BSC - REKT,"Thursday, March 4, 2021","BSC,Meerkat,REKT","An impressive debut for the first major exploit on BSC, as Meerkat Finance head straight to number three on our leaderboard. Will CZ and team roll back their corporate chain, or allow their users to suffer the loss? This suricate scam leaves the thieves with nowhere to hide."
280, Unreal Estate,"Thursday, March 4, 2021","VR,NFT",Welcome to the Unreal Estate. We invite you to pass through the revolving doors of perception and take a trip into a different reality. VR and NFTs will change the world. We visit Decentraland and Somnium Space to bring you a vision of two worlds that will soon collide on-chain.
281, Furucombo - REKT,"Monday, March 1, 2021","Furucombo,rekt","Better to wait than to swing and miss. rekt gets in the ring with Limzero and Kurt Barry to investigate the $14m furucombo knockout. ""Infinite approval"" is never safe."
282, FED - REKT,"Thursday, February 25, 2021","FED,rekt,decentralisation","The US government payment system “Fedwire” got rekt yesterday, preventing them from processing some of the $3 trillion dollars that is supposed to go through their system each day. Decentralise the central bank. Give us a CBDC and we'll decide if we use it or not."
283, BSC - The Bridge to DeFi,"Monday, February 22, 2021","Binance,BSC,CeDeFi","Decentralisation was once a core value. Has the game changed or is it just the players? Developers are already building cross chain bridges, but as BSC and other centralised chains start to increase their adoption, some parts of the community become quite concerned. ETH gas fees are too damn high."
284, NFT - Digital Art Enthusiast,"Friday, February 19, 2021","NFT,Digital Art","From the farm to the gallery. rekt investigates the current NFT hype, cuts through the noise and gets straight to the signal in a special edition featuring interviews with cryptocobain and cryptopathic."
285, Alpha Finance - REKT,"Saturday, February 13, 2021","Alpha Finance,Cronje,rekt","The dark arts of DeFi remain the most profitable. ~$37.5M gone in a tale of fake magic, confusion and accusation. The victim has singled out their attacker."
286, Under the Armor,"Saturday, February 13, 2021","Armor,Azeem,kferret","We live and we learn. Perhaps we were too harsh on Armor. Where there is no regulation, reputation is key, and we were too quick to judge the events based on previous stories involving certain characters."
287, Armor - rekt,"Wednesday, February 10, 2021","Armor,Azeem,rekt",Sometimes armour is not enough. A protocol that offered protection has stabbed its users in the back. Armor is not to be trusted. The team decided to throw away their reputation and put their greed on public display when they refused to pay one of their policyholders after last week's Yearn arb attack.
288, The Big Combo (Growth DeFi - REKT),"Tuesday, February 9, 2021","BT Finance,Growth DeFi","The days blur into one. Locked down, wired up and worn out. Millions of dollars gone but nobody blinks an eye. BT Finance? Growth DeFi? Small name backstreet protocols are easy prey for the serial killers who roam these streets without fear."
289, Yearn - REKT,"Friday, February 5, 2021","Yearn,REKT",No protocol is too big to fail. The extreme power of flash loans makes blue chips fade to black. Even the mighty Yearn falls victim to the arbitrageur. Will Yearn be bailed out by CeFi?
290, Return to the dark forest,"Wednesday, February 3, 2021","dark forest,mempool","A new anonymous author speaks out. Join us, as we venture deep into the Dark Forest to uncover a mafia business model being operated by bloXrouteLabs. This protection racket turns Ethereum into a pay-to-play game, which only the frontrunners can win."
291, Hype and Hashmasks,"Tuesday, February 2, 2021","hashmasks,NFT","Hashmasks has taken the community by storm after it’s recent launch, selling 16,384 unique cards for approximately 7,300 ETH. However, where there is hype there are scammers..."
292, FOMO on Meme Street,"Saturday, January 30, 2021","fomo,doge","The city hadn’t seen greed like this since Doge was just a pup with a thin moustache and a thinner wallet. It was a strange week in a strange month, maybe even a strange year."
293, Gamestonk,"Thursday, January 28, 2021","wall st,Rekt","Press X to rekt. “Occupy Wall Street” is best played online, where the hypocrisy of centralised finance can be seen in full HD. The GME hype has been forced to a halt by the retail platforms blocking access to “meme stocks”, but the societal impact of this event is not shown on the price charts."
294, Badgers digg sushi,"Tuesday, January 26, 2021",sushi,"Badgers are known to take the same routes when they are out foraging for food during the night. This creates well-worn paths through fields and woods.When a badger’s usual path is disturbed or obstructed in some way, this confuses the animal, and results in them rebasing to the incorrect pairing."
295, Saddle Finance - REKT,"Wednesday, January 20, 2021","saddle finance,Fork,Rekt","Some things are better left alone. Raise $4.2m, copy the code from Curve, and get rekt. Any investor that backed @saddlefinance values profit over progress. Why fund a fork with zero innovation?"
296, The Whitepaper,"Wednesday, January 13, 2021","whitepaper,Cronje",Few survive the harsh conditions of this dry and technical document. The ICO boom of 2017 destroyed the atmosphere of the whitepaper. Nostalgia tells a tale - we reminisce with Cronje
297, Blood in the streets,"Monday, January 11, 2021","liquidation,markets,Rekt","Rothschild’s words are as loud as ever. $2.9 billion liquidated in the last 24 hours.  Euphoria is dead. Gamblers are out. Who dares buy now? As always, many will say they saw this coming. Others will even say they know the reason."
298, Schrödinger's Stolen NFT,"Tuesday, January 5, 2021","$meme,NFT,interview","There’s more than one way to skin Schrödinger’s cat. The aptly named ""Rug Pull"" experiment by @DontBuyMeme was cut short. Was this the planned end game, or an NFT art crime cover up? The ending is open to interpretation. We interview @DirSchmidt."
299, yCredit the Ape,"Sunday, January 3, 2021","ycredit,Cronje,interview","Cronje doesn’t build for speculators, yet his new code seems to be used for speculation and nothing else. The Cronje audit process sees him throw unfinished products to the apes, who gladly feast on whatever token is thrown their way."
300, Cover - REKT,"Tuesday, December 29, 2020","cover,Rekt","Next time, take care of your own shit. Infinite mint but it’s no Willy Wonka - this is a Hollywood classic insurance themed noir. The black and white outcomes of insurance policies lend themselves well to Hollywood storylines."
301, Nexus Mutual - Hugh Speaks Out,"Wednesday, December 23, 2020","nexus mutual,hugh,Rekt","You are not as safe as you think. Hardware wallets and private keys are useless if your machine is compromised.  Apes pay tax and traders lose funds, but careful users don’t deserve to lose their money. Hugh Karp of Nexus Mutual was hacked for $8M."
302, Ledger - REKT,"Monday, December 21, 2020","ledger,gdpr,Rekt","Vote with your wallet. Ledger has lost the trust of their users. The customer information that was taken in July has long been available to those who were willing to pay the price, but now it's free of charge."
303, Warp Finance - REKT,"Friday, December 18, 2020","warp finance,Rekt","All human beings, as we meet them, are commingled out of good and evil. As Jekyll was to Hyde, so white hat is to black. The developers we trust in daylight could be different in the night.  A potion of knowledge with irresistible results - who could resist when the punishment is zero?"
304, Deepfake - A Scam so Surreal,"Thursday, December 17, 2020","deepfake,rugpull","Fake news is old news, but now it looks different. Deepfake technology is the most surreal form of media manipulation we’ve ever seen, one which threatens the trust we place in our own perception.  When we have reason to doubt our own senses, verification becomes near impossible."
305, CeFi - REKT,"Monday, December 14, 2020","fed,cefi,Rekt","They play the same games as we do. The stakes are higher but the rules are the same. Nobody calls a hack an exploit when it’s nation versus nation, instead it’s a “huge cyber espionage campaign”, by “highly sophisticated threat actors”. The U.S got rekt like anybody else."
306, Stablecoins - The Empire Strikes Back,"Tuesday, December 8, 2020","stablecoin,regulation","To the rebellious mind, stablecoins represent a new hope; a route toward financial democracy and banking the unbanked. To the existing elite, stablecoins and decentralised finance are a phantom menace - an ethereal threat to their imperial power."
307, Ape Tax,"Friday, December 4, 2020","ape tax,defi","Throughout history, man has sought to distance himself from the ape.  Four billion years have passed since we first emerged from the primordial soup, and now a new evolution has begun."
308, Compounder Finance - REKT,"Wednesday, December 2, 2020","c3pr,audit,rugpull","The rekt reaper has a way of making people talk. In the final moments, when all TVL has gone, and the drawdown seems unbearable, a faceless figure enters the chat... Follow our anonymous author as he tracks down and interrogates the perpetrator of the $12M Compounder Finance rug pull."
309, Decentralised Monopoly,"Monday, November 30, 2020","yearn,merger,yfi","We can’t change the cards we are dealt, but we can change how we play the game. Players who are skilled enough to roll the dice in their favour can rewrite the rulebook, while others take a chance card and hope they don’t get rekt."
310, SushiSwap Saved - 0xMaki Speaks Out,"Sunday, November 29, 2020","sushiswap,0xmaki",Out of the frying pan and into the fire - The anonymous developer 0xMaki took on the lead development of SushiSwap after founder Chef Nomi let greed get the better of him.
311, Coinbase & The Oracle,"Thursday, November 26, 2020","coinbase,oracle,liquidation","Recent attacks have seen hackers returning millions of dollars to their victims, or simply leaving money on the table when they could have taken more.  Various methods have been used to steal funds in the recent hack epidemic, but one character has played a role throughout..."
312, Pickle Finance - REKT,"Sunday, November 22, 2020","pickle finance,Rekt","The fermentation of finance continues. Even pickles have a shelf life. Pickle Finance has become the latest victim of the hack epidemic. However, this time, something is different..."
313, The Great Flash Loan,"Friday, November 20, 2020","flash loan,defi","Flash loans, for better or worse, have incentivized a melting pot of talented coders of all manner of ethical fluidness to seek out untold fortunes. The concept of Flash Loan Arbing is not a sin and should never be held in such regard."
314, Hack Epidemic (Origin Protocol - REKT),"Tuesday, November 17, 2020","hack,flash loan,origin,cheese bank","Stay at home, wear a mask, the hack epidemic is spreading.These are dark times for weak code. Developers need to put their protocols into lockdown. Greed is contagious, and hacks bring eye-catching prizes. In just 24 hours we hear of two more attacks."
315, Value DeFi - REKT,"Saturday, November 14, 2020","value defi,rekt,flash loan","Did they really know flashloan? The value of a reputation is volatile. Humility brings stability - boast too much and you will get rekt. Value DeFi was exploited today for $7,000,000. Another harsh lesson from the flash loan family."
316, Akropolis - REKT,"Thursday, November 12, 2020","akropolis,delphi,REKT","The Akropolis has not been this rekt since the battle of Salamina in 480 B.C. A modern day King Xerses has razed the Akropolis once more, stealing $2,000,000 DAI via a combination of flash loans and re-entrancy."
317, Infura - Issue of Consensus,"Wednesday, November 11, 2020","geth,infura,ethereum,Fork","Consensus isn’t just about agreement, it’s about changing things around.There were problems across the Ethereum network today as consensus flaws were hit on mainnet."
318, Politics and Prescience,"Tuesday, November 3, 2020","prediction markets,defi,politics","If prediction is the foundation of intelligence, then memories are the blocks with which it’s built.Will DeFi do best under Biden or Trump?"
319, Hopium Diaries - Dystopian Dreams,"Friday, October 30, 2020","hopium diaries,defi","The fire is growing, and a new financial world is emerging. Follow our anonymous author into the future of finance."
320, Harvest Finance - REKT,"Monday, October 26, 2020","harvest finance,flash loan,hack",The reaper does not listen to the harvest. A skilled farmer used flash loans to reap $24 million from the FARM_USDT and FARM_USDC pools.
321, rekt:TV - SBF vs Julien Bouteloup,"Wednesday, October 21, 2020","sbf,blue kirby,interview,video","For the debut episode of rektTV, Julien Bouteloup and SBF go head to head for over an hour on a range of topics including Blue Kirby, Cream Finance, SBF on-chain activity, SushiSwap, and more."
322, Uniswap Flop - Dharma Vote Stopped,"Monday, October 19, 2020","uniswap,governance,dharma","A vote created by Dharma  proposing “a threshold of 3m UNI for proposal submission, and 30m UNI as quorum.”  has been rejected today after failing to meet quorum."
323, The Return of Cronje,"Wednesday, October 14, 2020","Cronje,Rekt","The weary alchemist has been drawn out from recluse, and has brought with him yet another book of unfinished code."
324, Uniswap Swindle - Scammer Speaks Out,"Monday, October 12, 2020","scam,interview",The following interview was conducted late last night by Inspector Rekt and an anonymous source.
325, Whale Hunt - SBF & Blue Kirby,"Friday, October 9, 2020","sbf,blue kirby,whale hunt","Red candles burn the hottest. When the bulls stop running, fingers start pointing, and euphoria and greed turn to suspicion and accusation. In the translucent waters of the crypto markets, hunters watch the whales with an eagle eye."
326, The DeFi feast is over.,"Thursday, October 8, 2020","defi,alpha","The feast of DeFi summer is over. The food tokens have gone cold, and much of what’s coming out of the kitchen seems stale and unappealing. Now is the time to take a look at what is left on our plate, adjust our belts, and perhaps reconsider our diet for the next few months."
327, Winter Farming,"Monday, October 5, 2020","defi,farming,alpha","Now that DeFi Summer is over, and APY is getting thin on the ground, many have declared the game of yield farming to be over."
328, Eminence Refund - Do or DAI,"Friday, October 2, 2020","Eminence,Cronje,defi","With his hand forced by threats from community members, Andre Cronje and team have quickly taken action to refund the $8M that was mysteriously returned after the EMN contract was exploited for $15M on the 29th September."
329, Eminence - Rekt in prod,"Tuesday, September 29, 2020","yfi,defi,hack,Eminence,Cronje","The crypto community went into another frenzy last night, as Andre Cronje's unreleased project became the focus of hundreds of users, who bought $15 million of the $EMN token."
330, Kucoin - REKT,"Tuesday, September 29, 2020","kucoin,epic,hack","After what was described as an “unplanned movement of funds” on September 26th, Kucoin has reassured their users that all assets stolen in the hack will be returned and that Kucoin is fully insured for this scenario."
331, $FEW gets REKT,"Monday, September 28, 2020","few,Rekt,defi","Most regular users of crypto twitter are likely to have seen the $FEW cashtag mentioned in the past few days. For those who have not seen the story, this was a short lived plan to hype up and pump the price of an airdropped token named $FEW, based on the “few understand” meme."
332, The Crooked Swerve,"Thursday, September 24, 2020","Swerve,Fork,Rekt",Swerve users have been left in dismay after the founders of the project have pumped and dumped their tokens for what could be the last time.
333, Hello World,"Wednesday, September 23, 2020",Hello World,This is rekt.
